Metric,Hits@1,Hits@3,Hits@10,Hits@20,Hits@50,Hits@100,MRR,mrr_hit1,mrr_hit3,mrr_hit10,mrr_hit20,mrr_hit50,mrr_hit100,AUC,AP,ACC,epochs,train_time,test_time,params
arxiv_2023_runvaqx9n01_SAGE_Variant,2.75,11.2,20.46,31.24,40.15,51.64,9.76,2.75,11.2,20.46,31.24,40.15,51.64,84.68,85.93,76.64,1000.0,1.3137218952178955,1.3307011127471924,75713.0
arxiv_2023_rundh2t7ras_SAGE_Variant,10.67,14.6,22.8,32.47,47.07,57.74,13.27,10.67,14.6,22.8,32.47,47.07,57.74,89.03,89.08,79.22,1000.0,1.340336561203003,1.36022686958313,75713.0
arxiv_2023_runuxq8jcir_SAGE_Variant,1.52,12.37,24.09,29.31,48.24,58.79,9.97,1.52,12.37,24.09,29.31,48.24,58.79,88.72,88.73,79.01,1000.0,1.3449954986572266,1.363415241241455,75713.0
arxiv_2023_runmtowcxk9_SAGE_Variant,6.86,9.61,26.38,32.77,46.07,59.44,11.48,6.86,9.61,26.38,32.77,46.07,59.44,89.58,89.53,79.84,1000.0,1.3697168827056885,1.3901965618133545,75713.0
arxiv_2023_rundilv52k9_SAGE_Variant,2.34,14.07,28.02,34.41,45.55,55.86,13.11,2.34,14.07,28.02,34.41,45.55,55.86,87.29,88.0,77.61,1000.0,1.394803524017334,1.413097620010376,75713.0
arxiv_2023_rundilv52k9_SAGE_Variant,4.83 ± 3.86,12.37 ± 2.05,24.35 ± 2.97,32.04 ± 1.90,45.42 ± 3.12,56.69 ± 3.13,11.52 ± 1.67,4.83 ± 3.86,12.37 ± 2.05,24.35 ± 2.97,32.04 ± 1.90,45.42 ± 3.12,56.69 ± 3.13,87.86 ± 1.97,88.25 ± 1.41,78.46 ± 1.31,,,,
Best,,,,,,,,,,,,,,,,,1000.0,1.394803524017334,1.413097620010376,75713.0
