Metric,Hits@1,Hits@3,Hits@10,Hits@20,Hits@50,Hits@100,MRR,mrr_hit1,mrr_hit3,mrr_hit10,mrr_hit20,mrr_hit50,mrr_hit100,AUC,AP,ACC,epochs,train_time,test_time,params
arxiv_2023_run4hcqyw7v_GAT_Variant,9.03,18.87,24.09,32.65,45.25,52.93,16.14,9.03,18.87,24.09,32.65,45.25,52.93,82.01,85.29,81.71,1000.0,1.4463229179382324,1.471982479095459,11409.0
arxiv_2023_runn9dklxy9_GAT_Variant,7.74,13.19,23.21,32.94,42.32,52.11,13.36,7.74,13.19,23.21,32.94,42.32,52.11,82.15,84.93,75.06,1000.0,1.5091891288757324,1.5340635776519775,11409.0
arxiv_2023_run4omcq8tc_GAT_Variant,1.35,2.4,13.72,21.86,42.85,53.34,6.26,1.35,2.4,13.72,21.86,42.85,53.34,83.4,85.03,77.32,1000.0,1.5006492137908936,1.527773141860962,11409.0
arxiv_2023_runki9ip4zm_GAT_Variant,11.84,18.58,22.98,32.3,42.44,54.4,17.13,11.84,18.58,22.98,32.3,42.44,54.4,82.35,85.2,98.18,1000.0,1.488290309906006,1.5174551010131836,11409.0
arxiv_2023_run6sdi1j53_GAT_Variant,7.03,21.4,28.37,30.42,42.61,54.69,15.03,7.03,21.4,28.37,30.42,42.61,54.69,84.41,86.53,76.23,1000.0,1.5031061172485352,1.5326004028320312,11409.0
arxiv_2023_run6sdi1j53_GAT_Variant,7.40 ± 3.85,14.89 ± 7.59,22.47 ± 5.36,30.03 ± 4.67,43.09 ± 1.22,53.49 ± 1.06,13.58 ± 4.33,7.40 ± 3.85,14.89 ± 7.59,22.47 ± 5.36,30.03 ± 4.67,43.09 ± 1.22,53.49 ± 1.06,82.86 ± 1.02,85.40 ± 0.65,81.70 ± 9.55,,,,
Best,,,,,,,,,,,,,,,,,1000.0,1.5091891288757324,1.5340635776519775,11409.0
