Metric,Hits@1,Hits@3,Hits@10,Hits@20,Hits@50,Hits@100,MRR,mrr_hit1,mrr_hit3,mrr_hit10,mrr_hit20,mrr_hit50,mrr_hit100,AUC,AP,ACC,epochs,train_time,test_time,params
arxiv_2023_run09zovedm_GIN_Variant,10.73,16.53,30.25,36.64,45.72,53.58,12.83,10.73,21.16,25.67,36.64,45.72,53.58,78.64,83.67,72.83,1000.0,0.7975306510925293,0.8124840259552002,27649.0
arxiv_2023_runbd4cbijz_GIN_Variant,0.0,19.46,30.54,36.05,44.55,53.87,12.8,0.0,19.46,30.54,36.05,44.55,53.87,78.73,83.5,72.27,1000.0,0.7743878364562988,0.7890033721923828,27649.0
arxiv_2023_run4f8u78ev_GIN_Variant,15.36,16.88,31.13,38.86,49.59,56.15,19.1,15.36,16.88,31.13,38.86,49.59,56.15,79.41,84.4,73.42,1000.0,0.8135206699371338,0.8300864696502686,27649.0
arxiv_2023_run7ypcrji9_GIN_Variant,12.31,23.33,31.71,38.28,42.91,51.11,19.89,12.31,23.33,31.71,34.41,42.91,51.11,78.38,83.43,71.22,1000.0,0.815748929977417,0.8318171501159668,27649.0
arxiv_2023_runeerjazyi_GIN_Variant,0.0,16.18,28.84,34.53,43.96,51.41,9.35,0.0,16.18,27.84,34.53,43.96,51.41,79.49,83.63,70.87,1000.0,0.847853422164917,0.8634343147277832,27649.0
arxiv_2023_runeerjazyi_GIN_Variant,7.68 ± 7.21,18.48 ± 3.01,30.49 ± 1.08,36.87 ± 1.74,45.35 ± 2.58,53.22 ± 2.05,14.79 ± 4.53,7.68 ± 7.21,19.40 ± 2.97,29.38 ± 2.55,36.10 ± 1.82,45.35 ± 2.58,53.22 ± 2.05,78.93 ± 0.49,83.73 ± 0.39,72.12 ± 1.07,,,,
Best,,,,,,,,,,,,,,,,,1000.0,0.847853422164917,0.8634343147277832,27649.0
