Metric,Hits@1,Hits@3,Hits@10,Hits@20,Hits@50,Hits@100,MRR,mrr_hit1,mrr_hit3,mrr_hit10,mrr_hit20,mrr_hit50,mrr_hit100,AUC,AP,ACC,epochs,train_time,test_time,params
arxiv_2023_runb70a31yq_GCN_Variant,4.87,20.69,28.55,35.11,45.96,53.93,21.98,4.87,20.69,28.55,35.11,45.96,53.93,81.65,84.03,75.06,1000.0,0.9970214366912842,1.0122525691986084,18081.0
arxiv_2023_runegup9mru_GCN_Variant,7.62,19.4,28.37,38.98,45.37,52.58,16.18,7.62,19.4,28.37,38.98,45.37,52.58,81.15,83.91,73.89,1000.0,0.9566311836242676,0.9710536003112792,18081.0
arxiv_2023_runr3p4gry1_GCN_Variant,7.15,19.52,33.0,36.64,45.43,53.28,16.43,7.15,19.52,33.0,36.64,45.43,53.28,82.38,84.09,74.44,1000.0,0.9705994129180908,0.9862351417541504,18081.0
arxiv_2023_runog8g3ruy_GCN_Variant,14.71,23.09,27.2,37.92,44.9,50.12,19.96,14.71,23.09,27.2,37.92,44.9,50.12,81.98,84.18,73.65,1000.0,1.0067720413208008,1.0245015621185305,18081.0
arxiv_2023_runs6ovgo52_GCN_Variant,5.1,15.77,27.49,35.81,43.67,52.4,13.54,5.1,15.77,27.49,35.81,43.67,52.4,82.31,83.84,74.5,1000.0,1.068373203277588,1.0871880054473877,18081.0
arxiv_2023_runs6ovgo52_GCN_Variant,7.89 ± 4.00,19.69 ± 2.65,28.92 ± 2.35,36.89 ± 1.57,45.07 ± 0.87,52.46 ± 1.44,17.62 ± 3.34,7.89 ± 4.00,19.69 ± 2.65,28.92 ± 2.35,36.89 ± 1.57,45.07 ± 0.87,52.46 ± 1.44,81.89 ± 0.51,84.01 ± 0.14,74.31 ± 0.55,,,,
Best,,,,,,,,,,,,,,,,,1000.0,1.068373203277588,1.0871880054473877,18081.0
