Metric,Hits@1,Hits@3,Hits@10,Hits@20,Hits@50,Hits@100,MRR,mrr_hit1,mrr_hit3,mrr_hit10,mrr_hit20,mrr_hit50,mrr_hit100,AUC,AP,ACC,epochs,train_time,test_time,params
cora_rungptmzejh_GCN_Variant,51.78,56.92,69.96,81.42,88.54,94.86,53.63,51.78,56.92,69.96,81.42,88.54,94.86,93.64,94.18,79.05,1000.0,0.0417699813842773,0.0461103916168212,45888.0
cora_runw1icubfl_GCN_Variant,36.36,54.94,76.28,85.38,92.49,97.63,52.35,36.36,54.94,76.28,85.38,92.49,97.63,95.8,95.82,85.18,1000.0,0.0429818630218505,0.0476229190826416,45888.0
cora_runp5baytdn_GCN_Variant,18.58,67.98,78.66,83.79,89.33,94.07,49.68,18.58,67.98,78.66,83.79,89.33,94.07,91.58,94.68,84.39,1000.0,0.0430860519409179,0.0476884841918945,45888.0
cora_runafqukzip_GCN_Variant,16.21,52.17,69.57,81.42,93.68,96.44,37.07,16.21,52.17,69.57,81.42,93.68,96.44,94.5,94.66,80.04,1000.0,0.0426065921783447,0.0472760200500488,45888.0
cora_runn64s8pt4_GCN_Variant,14.62,43.08,75.49,88.54,93.28,98.02,36.47,14.62,43.08,75.49,88.54,93.28,98.02,95.37,95.27,85.97,1000.0,0.0426678657531738,0.0472714900970459,45888.0
cora_runn64s8pt4_GCN_Variant,27.51 ± 16.13,55.02 ± 8.98,73.99 ± 4.03,84.11 ± 2.99,91.46 ± 2.36,96.20 ± 1.71,45.84 ± 8.40,27.51 ± 16.13,55.02 ± 8.98,73.99 ± 4.03,84.11 ± 2.99,91.46 ± 2.36,96.20 ± 1.71,94.18 ± 1.67,94.92 ± 0.63,82.93 ± 3.16,,,,
Best,,,,,,,,,,,,,,,,,1000.0,0.0430860519409179,0.0476884841918945,45888.0
