Metric,Hits@1,Hits@3,Hits@10,Hits@20,Hits@50,Hits@100,MRR,mrr_hit1,mrr_hit3,mrr_hit10,mrr_hit20,mrr_hit50,mrr_hit100,AUC,AP,ACC,epochs,train_time,test_time,params
pubmed_runk7mhbq2p_SAGE_Variant,29.02,39.08,52.53,66.7,86.19,92.73,37.96,29.02,39.08,52.53,66.7,86.19,92.73,98.58,98.53,86.42,1000.0,3.619881629943848,3.649768114089966,206401.0
pubmed_run35lo2zj9_SAGE_Variant,18.05,40.25,61.51,69.99,86.69,94.4,36.96,18.05,40.25,61.51,69.99,86.69,94.4,98.77,98.67,87.03,1000.0,3.7485177516937256,3.782692909240722,206401.0
pubmed_run0mxjuk7j_SAGE_Variant,22.16,32.81,61.51,74.5,87.09,93.5,31.53,22.16,32.81,61.51,74.5,87.09,93.5,98.76,98.55,86.49,1000.0,3.756159543991089,3.791034698486328,206401.0
pubmed_runb564t6ir_SAGE_Variant,13.31,35.42,54.06,68.14,85.79,92.69,28.48,13.31,35.42,54.06,68.14,85.79,92.69,98.43,98.35,84.84,1000.0,3.761663436889648,3.7953498363494873,206401.0
pubmed_runscjyfpzt_SAGE_Variant,37.23,42.6,61.24,70.44,87.0,93.5,43.2,37.23,42.6,61.24,70.44,87.0,93.5,98.75,98.69,86.03,1000.0,3.640336751937866,3.671711683273315,206401.0
pubmed_runscjyfpzt_SAGE_Variant,23.95 ± 9.40,38.03 ± 3.90,58.17 ± 4.48,69.95 ± 2.95,86.55 ± 0.55,93.36 ± 0.70,35.63 ± 5.75,23.95 ± 9.40,38.03 ± 3.90,58.17 ± 4.48,69.95 ± 2.95,86.55 ± 0.55,93.36 ± 0.70,98.66 ± 0.15,98.56 ± 0.14,86.16 ± 0.82,,,,
Best,,,,,,,,,,,,,,,,,1000.0,3.761663436889648,3.7953498363494873,206401.0
