Metric,Hits@1,Hits@3,Hits@10,Hits@20,Hits@50,Hits@100,MRR,mrr_hit1,mrr_hit3,mrr_hit10,mrr_hit20,mrr_hit50,mrr_hit100,AUC,AP,ACC,epochs,train_time,test_time,params
pubmed_runmuifo62h_GAT_Variant,2.71,4.6,49.19,61.96,73.92,84.12,12.78,2.71,4.6,49.19,61.96,73.92,84.12,97.06,97.06,87.86,1000.0,2.5464487075805664,2.570925235748291,23553.0
pubmed_runskgl0t7j_GAT_Variant,1.62,30.23,48.78,59.07,75.72,85.33,18.71,1.62,30.23,48.78,59.07,75.72,85.33,97.04,97.02,86.51,1000.0,2.4325151443481445,2.4574098587036133,23553.0
pubmed_runipkqnqbu_GAT_Variant,16.52,27.89,50.72,61.82,77.08,85.15,27.75,16.52,27.89,50.72,61.82,77.08,85.15,97.19,97.24,87.21,1000.0,2.603724241256714,2.632955312728882,23553.0
pubmed_runihbbld99_GAT_Variant,3.38,16.43,33.35,47.29,70.31,81.36,16.68,3.38,16.43,33.35,47.29,70.31,81.36,96.22,96.17,85.15,1000.0,2.6094532012939453,2.637256860733032,23553.0
pubmed_runb2cg5q6w_GAT_Variant,6.86,17.82,42.69,53.47,74.1,84.21,14.74,6.86,17.82,42.69,53.47,74.1,84.21,96.98,96.9,85.76,1000.0,2.548245429992676,2.576557159423828,23553.0
pubmed_runb2cg5q6w_GAT_Variant,6.22 ± 6.08,19.39 ± 10.24,44.95 ± 7.17,56.72 ± 6.29,74.23 ± 2.54,84.03 ± 1.59,18.13 ± 5.81,6.22 ± 6.08,19.39 ± 10.24,44.95 ± 7.17,56.72 ± 6.29,74.23 ± 2.54,84.03 ± 1.59,96.90 ± 0.39,96.88 ± 0.41,86.50 ± 1.09,,,,
Best,,,,,,,,,,,,,,,,,1000.0,2.6094532012939453,2.637256860733032,23553.0
