Metric,Hits@1,Hits@3,Hits@10,Hits@20,Hits@50,Hits@100,MRR,mrr_hit1,mrr_hit3,mrr_hit10,mrr_hit20,mrr_hit50,mrr_hit100,AUC,AP,ACC,epochs,train_time,test_time,params
pubmed_run87d7782d_GIN_Variant,6.0,37.45,46.44,71.75,87.86,93.37,22.98,6.0,37.45,46.44,71.75,87.86,93.37,97.97,98.12,88.13,1000.0,1.6916825771331787,1.7166481018066406,40449.0
pubmed_runefu5nk6e_GIN_Variant,3.88,39.98,63.99,77.3,86.87,91.38,25.02,3.88,39.98,63.99,77.3,86.87,91.38,97.77,98.23,87.88,1000.0,1.68695330619812,1.7119989395141602,40449.0
pubmed_runum1oc2p0_GIN_Variant,20.17,33.94,58.35,71.84,88.09,92.1,28.24,20.17,33.94,58.35,71.84,88.09,92.1,97.91,97.77,89.28,1000.0,1.6854000091552734,1.7113502025604248,40449.0
pubmed_runam64zv2w_GIN_Variant,15.16,24.14,41.79,76.58,87.73,92.24,22.61,15.16,24.14,41.79,76.58,87.73,92.24,97.69,97.23,88.51,1000.0,1.7003564834594729,1.7257695198059082,40449.0
pubmed_runtht2hpv6_GIN_Variant,7.08,30.32,62.91,73.87,84.03,91.02,24.3,7.08,30.32,62.91,73.87,84.03,91.02,97.59,97.31,89.26,1000.0,1.686504602432251,1.7119333744049072,40449.0
pubmed_runtht2hpv6_GIN_Variant,10.46 ± 6.91,33.17 ± 6.22,54.70 ± 10.02,74.27 ± 2.59,86.92 ± 1.68,92.02 ± 0.91,24.63 ± 2.24,10.46 ± 6.91,33.17 ± 6.22,54.70 ± 10.02,74.27 ± 2.59,86.92 ± 1.68,92.02 ± 0.91,97.79 ± 0.16,97.73 ± 0.46,88.61 ± 0.64,,,,
Best,,,,,,,,,,,,,,,,,1000.0,1.7003564834594729,1.7257695198059082,40449.0
