Metric,Hits@1,Hits@3,Hits@10,Hits@20,Hits@50,Hits@100,MRR,mrr_hit1,mrr_hit3,mrr_hit10,mrr_hit20,mrr_hit50,mrr_hit100,AUC,AP,ACC,epochs,train_time,test_time,params
pubmed_runepkxxn1g_GCN_Variant,18.46,27.39,51.31,69.81,84.57,91.02,24.47,18.46,27.39,51.31,69.81,84.57,91.02,98.32,98.13,94.04,1000.0,0.901313066482544,0.915795087814331,22369.0
pubmed_runhc1skze8_GCN_Variant,16.92,44.09,64.94,76.62,85.88,90.84,30.43,16.92,44.09,64.94,76.62,85.88,90.84,98.44,98.34,94.2,1000.0,1.0021543502807615,1.01836895942688,22369.0
pubmed_run3z6d4e3j_GCN_Variant,7.49,28.02,52.71,62.86,80.37,87.27,25.62,7.49,28.02,52.71,62.86,80.37,87.27,98.13,97.93,93.98,1000.0,0.9158334732055664,0.9322991371154784,22369.0
pubmed_runs8ipqm2a_GCN_Variant,5.42,22.88,62.95,73.38,83.03,90.61,19.52,5.42,22.88,62.95,73.38,83.03,90.61,98.3,98.22,93.91,1000.0,0.9784672260284424,0.9950616359710692,22369.0
pubmed_run08v8qg8k_GCN_Variant,2.48,35.74,46.66,68.91,81.72,88.22,22.69,2.48,35.74,46.66,68.91,81.72,88.22,98.03,97.74,93.41,1000.0,0.913750410079956,0.9303157329559326,22369.0
pubmed_run08v8qg8k_GCN_Variant,10.15 ± 7.13,31.62 ± 8.36,55.71 ± 7.87,70.32 ± 5.17,83.11 ± 2.19,89.59 ± 1.73,24.55 ± 4.02,10.15 ± 7.13,31.62 ± 8.36,55.71 ± 7.87,70.32 ± 5.17,83.11 ± 2.19,89.59 ± 1.73,98.24 ± 0.16,98.07 ± 0.24,93.91 ± 0.30,,,,
Best,,,,,,,,,,,,,,,,,1000.0,1.0021543502807615,1.01836895942688,22369.0
