name,num_nodes,num_edges,edge_density,degree_gini,avg_deg,avg_deg2,deg_heterogeneity,avg_shortest_path,approximate_diameter,num_triangles,avg_degree,coreness_eq_1,coreness_geq_2,coreness_geq_5,coreness_geq_10,coreness_gini,avg_cc,transitivity,cc_size,power_law_estimate
pwc_small,140.0,796.0,0.04090441932168551,0.41013998492043907,8.57824556951087,7.984468696827173,-0.08540234486887524,3.4722507708119217,9.0,245.0,5.685714244842529,0.03571428571428571,0.9642857142857143,0.3142857142857143,0.0,0.2581374309754932,0.22288915657476122,0.21668632075471697,1.0,1.9867491194579625
cora,2485.0,10138.0,0.0016423824752055001,0.39698470602949365,12.488121089416529,8.70596968445603,0.1221918528808415,6.310998681298742,19.0,1558.0,4.079678058624268,0.17464788732394365,0.8253521126760563,0.0,0.0,0.1911866882323951,0.23763551095541197,0.0900352512858051,1.0,2.31918093454252
pubmed,19717.0,88648.0,0.00022803908825811385,0.6037477312841656,19.274351030248734,10.561950790355754,0.2182193373346023,6.282,inf,None,4.496018886566162,0.47233351929806766,0.5276664807019323,0.13338743216513668,0.006948318709742862,0.3904279512373717,0.060175209437523615,0.0537076280274887,1.0,2.656579032979695
arxiv_2023,13153.0,68260.0,0.0003945932607124497,0.5821291074521155,44.37546321678302,26.329102942858274,0.4657402348675699,6.061666440524148,24.0,20592.0,5.189690589904785,0.38295445905876985,0.6170455409412301,0.17448490838591957,0.034592868547099524,0.4166853224147719,0.13144058653131216,0.037310814132642554,1.0,2.3664639325494785
pwc_medium,86795.0,933138.0,0.00012386866705696206,0.6188380700932069,614.8991296213945,206.1209964145686,0.7811274000532511,4.209,inf,None,10.751056671142578,0.15778558672734605,0.842214413272654,0.5021833054899476,0.19052940837605853,0.39830390110707464,0.12223889315109954,0.005146776669122604,1.0,1.8295125280377185
ogbn-arxiv,169343.0,2315598.0,8.074789913670332e-05,0.629486330322017,330.02326280458345,153.61530502314648,0.7006693915497058,5.8,inf,None, 13.674010276794434,0.14023608888468966,0.8597639111153104,0.5155453724098428,0.2594320402969122,0.475535316262574,0.22612914062470954,0.01620149151351999,1.0,1.7267496417533534
citationv8,1084224.0,12198168.0,1.0376645452527433e-05,0.5723562705752355,75.79618731961122,52.52795696945896,0.35984518262295184,6.025,inf,None,11.250597953796387,0.14665511923735317,0.8533448807626468,0.5387447612301517,0.20770154506817778,0.3914314369975958,0.1254111272944138,0.03428320651792286,1.0,1.7547036111963323

