name,num_nodes,num_edges,edge_density,degree_gini,avg_deg,avg_deg2,deg_heterogeneity,avg_shortest_path,approximate_diameter,num_triangles,avg_degree,coreness_eq_1,coreness_geq_2,coreness_geq_5,coreness_geq_10,coreness_gini,avg_cc,transitivity,cc_size,power_law_estimate
collab_False,235868.0,1935264.0,3.4785961349476784e-05,0.5521894586693156,24.858621838266593,20.702775718113802,0.20987293660311684,inf,inf,3369011.0,8.20486068725586,0.09318347550324758,0.9068165244967524,0.4139773093425136,0.11603524004951922,0.4332426476336957,0.7290352781769088,0.3630153862421533,0.9872683026099344,1.889183564365347
